objects,file_size_bytes,threads,runs,mean_seconds,stdev_seconds,throughput_mb_s
5000,2878494,4,5,0.023040,0.000491,119.147
10000,5757964,4,5,0.042190,0.000260,130.155
20000,11527338,4,5,0.084091,0.003519,130.731
40000,23065663,4,5,0.166599,0.002595,132.036
